Country Name,2005y
Australia,17.03277962
Belgium,9.062816184
Chile,4.300927773
Canada,16.00846023
