Country Name,2005y
Australia,97.59429286
Belgium,71.61749286
Chile,88.30365
Canada,126.9660429
France,77.02167857
